映射ID,PB模块目录,PB函数或事件,PB SQL片段标识,目标Repository方法,目标模型,事务边界Service,输入参数,输出结构,一致性校验SQL,校验结果,迁移状态,备注
S100,purchase.pbl,u_pc_plan,采购计划列表查询,PcPlanRepository.list_pc_plans,TPC01_PCPLAN,PcPlanService.list_pc_plans,pcplanid|slbillid|pctyp|auditflg|page|page_size,采购计划列表,"SELECT * FROM TPC01_PCPLAN WHERE 1=1 ORDER BY PCPLANID DESC OFFSET :offset ROWS FETCH NEXT :page_size ROWS ONLY",待执行,进行中,来源：数据库表结构推断
S101,purchase.pbl,u_pc_plan,采购计划详情查询,PcPlanRepository.get_pc_plan,TPC01_PCPLAN,PcPlanService.get_pc_plan,pcplanid,采购计划详情,"SELECT * FROM TPC01_PCPLAN WHERE PCPLANID = :pcplanid",待执行,进行中,来源：数据库表结构推断
S102,purchase.pbl,u_pc_plan,采购计划创建,PcPlanRepository.create_pc_plan,TPC01_PCPLAN,PcPlanService.create_pc_plan,pcplanid|slbillid|pctyp|ptimes|opercd,创建结果,"INSERT INTO TPC01_PCPLAN (PCPLANID, SLBILLID, PCTYP, PTIMES, OPERCD, AUDITFLG) VALUES (:pcplanid, :slbillid, :pctyp, :ptimes, :opercd, '0')",待执行,进行中,来源：数据库表结构推断
S103,purchase.pbl,u_pc_plan,采购计划更新,PcPlanRepository.update_pc_plan,TPC01_PCPLAN,PcPlanService.update_pc_plan,pcplanid|pctyp|ptimes|auditflg,更新结果,"UPDATE TPC01_PCPLAN SET PCTYP = :pctyp, PTIMES = :ptimes, AUDITFLG = :auditflg WHERE PCPLANID = :pcplanid",待执行,进行中,来源：数据库表结构推断
S104,purchase.pbl,u_pc_plan,采购计划删除,PcPlanRepository.delete_pc_plan,TPC01_PCPLAN,PcPlanService.delete_pc_plan,pcplanid,删除结果,"DELETE FROM TPC01_PCPLAN WHERE PCPLANID = :pcplanid",待执行,进行中,来源：数据库表结构推断
S001,itsm.pbl,u_itsm_open|u_itsm_renovate|u_itsm_archive,维修单查询与状态管理,MaintenanceRepository.get_by_id|list_maintenances,TIT10_MAINTENANCEDAY,MaintenanceService,maintenance_id|cust_cd|status,维修单详情/列表,"SELECT * FROM TIT10_MAINTENANCEDAY WHERE MAINTENANCE_ID=:maintenance_id",待执行,进行中,来源：itsm.pbl维修单管理；结合优化2统一状态机
S028,itsm.pbl,u_itsm_open.oe_update|u_itsm_renovate.oe_update,维修单创建,MaintenanceRepository.create_maintenance,TIT10_MAINTENANCEDAY,MaintenanceService.create_maintenance,maintenance_info|oper_cd,新维修单ID,"INSERT INTO TIT10_MAINTENANCEDAY (...) VALUES (...)",待执行,进行中,来源：优化2统一入口
S029,itsm.pbl,u_itsm_open|u_itsm_renovate,维修单状态流转,MaintenanceRepository.update_status,TIT10_MAINTENANCEDAY,MaintenanceService.transition_state|dispatch|start_work|complete|cancel,maintenance_id|old_status|new_status|oper_cd,更新结果,"UPDATE TIT10_MAINTENANCEDAY SET CURRENT_STATUS=:new_status WHERE MAINTENANCE_ID=:maintenance_id AND CURRENT_STATUS=:old_status",待执行,进行中,来源：优化2统一状态机
S030,itsm.pbl,TIT10_MAIN_TRACK,维修单状态日志记录,MaintenanceRepository.log_status_change,TIT10_MAIN_TRACK,MaintenanceService,maintenance_id|memo,记录结果,"INSERT INTO TIT10_MAIN_TRACK (...) VALUES (...)",待执行,进行中,来源：状态变更审计日志
S031,itsm.pbl,StateMachine,统一状态机模型,StateMachine,MaintenanceService,from_status|to_status,验证结果,"状态流转规则定义",待执行,进行中,来源：优化2核心设计
S002,sale.pbl,,,,,,,,,,,
S003,wh.pbl,,,,,,,,,,,
S004,app_main.pbl,u_functionlist.of_retrievemenus,d_mc_menu_Right.Retrieve,MenuRepository.fetch_menus,TMC01_MENUS,ShellService.list_menus,user_id,菜单列表,"SELECT MenuCd,MenuNm,Parent,LevelCd,ChildFlg,OrdNo,PicName,ExePath,OpenFlg FROM TMC01_MENUS",待执行,进行中,来源：u_functionlist.sru
S005,app_main.pbl,u_functionlist.of_retrievemenus,d_mc_menus_user_list.Retrieve,MenuRepository.fetch_user_menus,TMC03_USERMENUS,ShellService.list_menus,user_id,用户常用菜单编码列表,"SELECT MenuCd FROM TMC03_USERMENUS WHERE UserCd=:user_id",待执行,进行中,来源：u_functionlist.sru
S006,app_main.pbl,u_functionlist.of_openmodule,按MenuCd查可打开对象,MenuRepository.get_menu_by_code,TMC01_MENUS,ShellService.get_open_object_info,user_id|menu_code,打开对象信息,"SELECT MenuNm,ExePath,PicName,OpenFlg,ChildFlg FROM TMC01_MENUS WHERE MenuCd=:menu_code",待执行,进行中,来源：u_functionlist.sru 与 u_startpage.sru
S007,app_main.pbl,w_m_appmain.oe_openobject,打开对象并记录,OpenedModulesRepository.add_module,内存对象,ShellService.open_object,user_id|menu_code|multi_open,已开模块信息,"INSERT INTO opened_modules ...",待执行,进行中,来源：w_m_appmain.srw 事件
S008,app_main.pbl,w_m_appmain.oe_closeobject,关闭指定对象,OpenedModulesRepository.remove_module,内存对象,ShellService.close_object,user_id|object_name,关闭结果,"DELETE FROM opened_modules ...",待执行,进行中,来源：w_m_appmain.srw 事件
S009,app_main.pbl,w_m_appmain.oe_closeactiveobject,关闭活动对象,OpenedModulesRepository.remove_active,内存对象,ShellService.close_active_object,user_id,被关闭模块信息,"DELETE FROM opened_modules ... ORDER BY opened_at DESC",待执行,进行中,来源：w_m_appmain.srw 事件
S010,app_main.pbl,d_openedmodules,已开模块列表查询,OpenedModulesRepository.list_modules,内存对象,ShellService.list_opened_modules,user_id,已开模块列表,"SELECT object,object_index,title,opened_at FROM opened_modules WHERE user_id=:user_id",待执行,进行中,来源：d_openedmodules.srd DataWindow
S011,base_srv.pbl,w_r_logon.oe_default|nvo_appmanager.oe_logon,用户登录验证,AuthRepository.verify_user,TMC20_USERS,AuthService.login,user_id|password,用户信息,"SELECT UserCd,UserNm,Password,Status FROM TMC20_USERS WHERE UserCd=:user_id AND Status='1'",待执行,进行中,来源：w_r_logon.srw / nvo_appmanager.sru
S012,base_srv.pbl,nvo_appmanager.oe_postlogon|of_getuserid,用户组查询,AuthRepository.get_user_groups,TMC21_USERGROUP|TMC30_GROUPS,AuthService.login,user_id,用户组列表,"SELECT g.GroupCd,g.GroupNm FROM TMC21_USERGROUP ug JOIN TMC30_GROUPS g ON ug.GroupCd=g.GroupCd WHERE ug.UserCd=:user_id",待执行,进行中,来源：nvo_appmanager.sru 权限逻辑
S013,base_srv.pbl,nvo_appmanager.of_getuserid|of_getusername,会话查询,AuthService.get_session,内存会话,AuthService.get_session,token,会话信息,"SELECT token,user_code,user_name,groups FROM sessions WHERE token=:token",待执行,进行中,来源：nvo_appmanager.sru 会话管理
S014,app_system.pbl,u_mc_groups|w_r_mc_groupuser,用户组查询,UserGroupRepository.list_groups,TMC30_GROUPS,UserGroupService.list_groups,,用户组列表,"SELECT GroupCd,GroupNm,GroupType,UseFlg FROM TMC30_GROUPS WHERE UseFlg='1'",待执行,进行中,来源：u_mc_groups.sru / w_r_mc_groupuser.srw
S015,app_system.pbl,w_r_mc_groupuser,用户组内用户查询,UserGroupRepository.get_group_users,TMC21_USERGROUP|TMC20_USERS,UserGroupService.get_group_detail,group_cd,组内用户,"SELECT u.UserCd,u.UserNm,u.Status FROM TMC21_USERGROUP ug JOIN TMC20_USERS u ON ug.UserCd=u.UserCd WHERE ug.GroupCd=:group_cd",待执行,进行中,来源：w_r_mc_groupuser.srw
S016,app_system.pbl,w_r_mc_groupright,组权限查询,UserGroupRepository.get_group_rights,TMC31_GroupRight,UserGroupService.get_group_detail,group_cd,组权限,"SELECT GroupCd,MenuCd,FuncCd,Scale FROM TMC31_GroupRight WHERE GroupCd=:group_cd AND UseFlg='1'",待执行,进行中,来源：w_r_mc_groupright.srw
S017,app_system.pbl,u_mc_usermenu|u_functionlist,用户菜单权限聚合,UserGroupRepository.get_user_menu_rights,TMC01_MENUS|TMC31_GroupRight|TMC21_USERGROUP,UserGroupService.get_user_menus_with_rights,user_id,菜单权限列表,"SELECT m.*,MAX(gr.Scale) FROM TMC01_MENUS m JOIN TMC31_GroupRight gr ON m.MenuCd=gr.MenuCd JOIN TMC21_USERGROUP ug ON gr.GroupCd=ug.GroupCd WHERE ug.UserCd=:user_id GROUP BY m.MenuCd",待执行,进行中,来源：u_mc_usermenu.sru / u_functionlist.sru
S018,base_cust.pbl,u_mm_customer.dw_data::oe_retrieve,客户列表查询,CustomerRepository.list_customers,TMM22_CUSTOMERS,CustomerService.list_customers,status|use_flg,客户列表,"SELECT * FROM TMM22_CUSTOMERS WHERE (:status IS NULL OR CUSTOMER_STATUS=:status) ORDER BY GENDATE DESC",待执行,进行中,来源：u_mm_customer.sru；结合优化1客户生命周期
S019,base_cust.pbl,w_customers_newdata.oe_update,新建临时客户,CustomerRepository.create_temp_from_plan,TMM22_CUSTOMERS,CustomerService.create_temp_from_preplan,preplan_id|cust_info|oper_cd,新客户代码,"INSERT INTO TMM22_CUSTOMERS (...) VALUES (...)",待执行,进行中,来源：w_customers_newdata.srw；结合优化1
S020,base_cust.pbl,u_mm_customer|w_customers_newdata,客户转正/作废,CustomerRepository.transition_status,TMM22_CUSTOMERS,CustomerService.promote_to_active|mark_invalid,cust_cd|old_status|new_status|oper_cd,更新结果,"UPDATE TMM22_CUSTOMERS SET CUSTOMER_STATUS=:new_status, VERIFIED_AT=SYSDATE WHERE CUSTCD=:cust_cd",待执行,进行中,来源：结合优化1客户生命周期流转
S021,base_cust.pbl,TMM35_CUST_POS_RL,门店资产查询,AssetRepository.list_assets,TMM35_CUST_POS_RL,AssetService.list_assets,cust_cd|eid,资产列表,"SELECT * FROM TMM35_CUST_POS_RL WHERE CUSTCD=:cust_cd AND USEFLG='1'",待执行,进行中,来源：base_cust.pbl资产配置；结合优化4
S022,base_cust.pbl,TMM35_CUST_POS_RL,可回收资产查询,AssetRepository.get_recyclable_assets,TMM35_CUST_POS_RL,AssetService.get_recyclable_assets|should_create_recycle_task,cust_cd,可回收资产列表,"SELECT * FROM TMM35_CUST_POS_RL WHERE CUSTCD=:cust_cd AND ASSET_TYPE IN ('OLD','RENOVATED') AND RECYCLABLE_FLAG='1' AND RECYCLE_STATUS='NONE'",待执行,进行中,来源：结合优化4可回收判定
S023,base_cust.pbl,TMM35_CUST_POS_RL,标记可回收资产,AssetRepository.mark_recyclable,TMM35_CUST_POS_RL,AssetService.mark_recyclable,cust_cd|plan_type,标记数量,"UPDATE TMM35_CUST_POS_RL SET RECYCLABLE_FLAG='1', RECYCLE_STATUS='PENDING' WHERE CUSTCD=:cust_cd",待执行,进行中,来源：结合优化4预计划触发
S024,base_cust.pbl,TIT20_RECYCLE_TASK,创建回收任务,RecycleTaskRepository.create_task,TIT20_RECYCLE_TASK|TIT20_RECYCLE_TASK_DTL,RecycleTaskService.create_from_plan,plan_no|plan_type|cust_cd|assets,回收任务ID,"INSERT INTO TIT20_RECYCLE_TASK (...) VALUES (...)",待执行,进行中,来源：新建表；优化4回收任务独立化
S025,base_cust.pbl,TIT20_RECYCLE_TASK,回收任务状态流转,RecycleTaskRepository.assign_task|start_recycle|complete_recycle|cancel_task,TIT20_RECYCLE_TASK,RecycleTaskService,TASK_STATUS更新,更新结果,"UPDATE TIT20_RECYCLE_TASK SET TASK_STATUS=:status,... WHERE RECYCLE_ID=:recycle_id",待执行,进行中,来源：新建表；优化4回收任务状态机
S026,sale.pbl,PLAN_CUST,预计划查询,PreplanRepository.get_by_no|list_preplans,PLAN_CUST,PreplanService,plan_no|plan_status|imple_status,预计划详情,"SELECT * FROM PLAN_CUST WHERE PLANNO=:plan_no",待执行,进行中,来源：sale.pbl预计划管理；结合优化1客户联动
S027,sale.pbl,PLAN_CUST,预计划状态更新,PreplanRepository.update_status|update_imple_status|update_cust_cd,PLAN_CUST,PreplanService,plan_no|status|oper_cd,更新结果,"UPDATE PLAN_CUST SET PLAN_STATUS=:plan_status,IMPLE_STATUS=:imple_status WHERE PLANNO=:plan_no",待执行,进行中,来源：sale.pbl预计划审批与实施
S032,itsm.pbl,w_r_itsm_rv|w_r_itsm_d2d,设备变更单查询,DeviceChangeRepository.get_by_id|list_device_changes,TIT16_DEVICE_CHANGE,DeviceChangeService,device_change_id|store_id|change_type,变更单详情/列表,"SELECT * FROM TIT16_DEVICE_CHANGE WHERE DEVICE_CHANGE_ID=:device_change_id",待执行,进行中,来源：itsm.pbl设备变更管理；单据类型BG
S033,itsm.pbl,u_itsm_rep_opchfr,设备变更单创建,DeviceChangeRepository.create_device_change,TIT16_DEVICE_CHANGE,DeviceChangeService.create_device_change,device_info|oper_cd,新变更单ID,"INSERT INTO TIT16_DEVICE_CHANGE (...) VALUES (...)",待执行,进行中,来源：优化新增磁卡号历史记录
S034,itsm.pbl,CHANGE_TYPE='CK',磁卡号变更执行,DeviceChangeRepository._execute_card_change|create_history_record,TMM22_CUSTOMERS|TMM22_CUSTOMERS_HISTORY,DeviceChangeService.complete_change,device_change_id|store_id|old_card|new_card,执行结果,"INSERT INTO TMM22_CUSTOMERS_HISTORY (...) VALUES (...); UPDATE TMM22_CUSTOMERS SET CUSTCARD=:new_card",待执行,进行中,来源：优化核心-磁卡号变更历史保存
S035,itsm.pbl,d_divechange_report.srd,磁卡号历史查询,DeviceChangeRepository.get_history_by_card,TMM22_CUSTOMERS_HISTORY,DeviceChangeService.get_card_change_history,custcard,历史记录列表,"SELECT * FROM TMM22_CUSTOMERS_HISTORY WHERE CUSTCARD=:custcard OR OLD_CUSTCARD=:custcard OR NEW_CUSTCARD=:custcard",待执行,进行中,来源：优化核心-解决老系统无法查询旧磁卡号问题
S036,itsm.pbl,d_maintenance_open_free.srd,新机开通单查询,MaintenanceOpenRepository.get_by_id|list_maintenance_opens,TIT13_MAINTENANCE_OPEN,MaintenanceOpenService,new_opening_id|store_id|status,开通单详情/列表,"SELECT * FROM TIT13_MAINTENANCE_OPEN WHERE NEW_OPENING_ID=:new_opening_id",待执行,进行中,来源：itsm.pbl新机开通；单据类型MO
S037,itsm.pbl,u_itsm_open,新机开通单创建,MaintenanceOpenRepository.create_maintenance_open,TIT13_MAINTENANCE_OPEN,MaintenanceOpenService.create_maintenance_open,open_info|oper_cd,新开通单ID,"INSERT INTO TIT13_MAINTENANCE_OPEN (...) VALUES (...)",待执行,进行中,来源：单据类型MO主表CRUD
S038,itsm.pbl,d_maintenance_renovate_free.srd,旧机翻新单查询,MaintenanceRenovateRepository.get_by_id|list_maintenance_renovates,TIT15_MAINTENANCE_RENOVATE,MaintenanceRenovateService,renovate_id|store_id|status,翻新单详情/列表,"SELECT * FROM TIT15_MAINTENANCE_RENOVATE WHERE RENOVATE_ID=:renovate_id",待执行,进行中,来源：itsm.pbl旧机翻新；单据类型MR
S039,itsm.pbl,u_itsm_renovate,旧机翻新单创建,MaintenanceRenovateRepository.create_maintenance_renovate,TIT15_MAINTENANCE_RENOVATE,MaintenanceRenovateService.create_maintenance_renovate,renovate_info|oper_cd,新翻新单ID,"INSERT INTO TIT15_MAINTENANCE_RENOVATE (...) VALUES (...)",待执行,进行中,来源：单据类型MR主表CRUD
S040,itsm.pbl,d_itsm_maintenance_daily_form.srd,日常保养单查询,MaintenanceDailyRepository.get_by_id|list_maintenance_dailies,TIT17_MAINTENANCE,MaintenanceDailyService,daily_maintenance_id|store_id|status,保养单详情/列表,"SELECT * FROM TIT17_MAINTENANCE WHERE DAILY_MAINTENANCE_ID=:daily_maintenance_id",待执行,进行中,来源：itsm.pbl日常保养；单据类型BY
S041,itsm.pbl,u_itsm_archive,日常保养单创建,MaintenanceDailyRepository.create_maintenance_daily,TIT17_MAINTENANCE,MaintenanceDailyService.create_maintenance_daily,daily_info|oper_cd,新保养单ID,"INSERT INTO TIT17_MAINTENANCE (...) VALUES (...)",待执行,进行中,来源：单据类型BY主表CRUD
S042,itsm.pbl,u_itsm_open|u_itsm_archive,维护单配件明细子表,MaintenanceRepository.list_pos_details|create_pos_detail,TIT10_POS_DETAIL,MaintenanceService,maintenance_id|sm_id|device_id|accessories_id|creator,配件明细列表/新增结果,"SELECT * FROM TIT10_POS_DETAIL WHERE BILL_ID=:maintenance_id; INSERT INTO TIT10_POS_DETAIL (...) VALUES (...)",待执行,进行中,来源：P3子表首批落地（维护单换机配件明细）
S043,itsm.pbl,u_itsm_open|w_r_itsm_equ_open,开通设备明细子表,MaintenanceOpenRepository.list_equipment_opens|create_equipment_open,TIT14_EQUIPMENT_OPEN,MaintenanceOpenService,new_opening_id|business_operation_id|device_id|is_finish|creator,开通设备明细列表/新增结果,"SELECT * FROM TIT14_EQUIPMENT_OPEN WHERE NEW_OPENING_ID=:new_opening_id; INSERT INTO TIT14_EQUIPMENT_OPEN (...) VALUES (...)",待执行,进行中,来源：P3子表（提交前校验与主单存在性对齐PB）
S044,itsm.pbl,u_itsm_renovate|w_r_itsm_equ_renovate,翻新设备明细子表,MaintenanceRenovateRepository.list_equipment_renovates|create_equipment_renovate,TIT15_EQUIPMENT_RENOVATE,MaintenanceRenovateService,renovate_id|business_operation_id|device_id|new_device_id|is_finish|creator,翻新设备明细列表/新增结果,"SELECT * FROM TIT15_EQUIPMENT_RENOVATE WHERE RENOVATE_ID=:renovate_id; INSERT INTO TIT15_EQUIPMENT_RENOVATE (...) VALUES (...)",待执行,进行中,来源：P3子表补齐（旧机翻新设备映射）
S045,itsm.pbl,u_itsm_archive|d_itsm_maintenance_daily_form,保养设备明细子表,MaintenanceDailyRepository.list_cust_pos_daily|create_cust_pos_daily,TIT17_CUST_POS_DAILY,MaintenanceDailyService,daily_maintenance_id|business_operation_id|cust_cd|eid|item_cd|typflg|creator,保养设备明细列表/新增结果,"SELECT * FROM TIT17_CUST_POS_DAILY WHERE DAILY_MAINTENANCE_ID=:daily_maintenance_id; INSERT INTO TIT17_CUST_POS_DAILY (...) VALUES (...)",待执行,进行中,来源：P3子表补齐（日常保养设备明细）
S046,itsm.pbl,w_r_itsm_d2d,上门服务记录公用表,MaintenanceD2DRepository.list_d2d_records|create_d2d_record,TIT23_MAINTENANCE_D2D,MaintenanceD2DService,maintenance_id|business_operation_id|d2d_engineer|arrive_time|leave_time|d2d_type|creator,上门服务记录列表/新增结果,"SELECT * FROM TIT23_MAINTENANCE_D2D WHERE MAINTENANCE_ID=:maintenance_id; INSERT INTO TIT23_MAINTENANCE_D2D (...) VALUES (...)",待执行,进行中,来源：P4公用服务（被TIT10/TIT15/TIT17多单据复用）
S047,itsm02.pbl,u_itsm_store_close|d_itsm_store_close_form,门店关闭单查询,StoreCloseRepository.list_store_closes|get_store_close,TIT18_STORE_CLOSE,StoreCloseService,store_id|close_type|current_status|page|page_size,门店关闭单列表/详情,"SELECT * FROM TIT18_STORE_CLOSE WHERE NVL(USEFLG,'1')='1'; INSERT INTO TIT18_STORE_CLOSE (...) VALUES (...)",待执行,进行中,来源：M005 Phase 1首个单据（门店关闭单）
S048,itsm02.pbl,u_itsm_free_replace|d_itsm_free_replace_form,免费更换单主表查询与新增,FreeReplaceRepository.list_free_replaces|get_by_id|create_free_replace,TIT28_FREE_REPLACE,FreeReplaceService,renew_id|store_id|company_id|request_time|request_paper_id|old_device_id|new_device_id|deliver_no|count|expected_completion_time|creator,免费更换单列表/详情/新增结果,"SELECT * FROM TIT28_FREE_REPLACE WHERE RENEW_ID=:renew_id; INSERT INTO TIT28_FREE_REPLACE (...) VALUES (...)",待执行,进行中,来源：M005 Phase 1免费更换主表落地
S049,itsm02.pbl,w_r_itsm_replace|d_itsm_free_replace_dt_grid,免费更换设备明细子表查询与新增,FreeReplaceRepository.list_free_replace_details|create_free_replace_detail,TIT28_FREE_REPLACE_DT,FreeReplaceService,renew_id|business_operation_id|device_id|new_device_id|delivery_id|is_finish|creator,免费更换设备明细列表/新增结果,"SELECT * FROM TIT28_FREE_REPLACE_DT WHERE RENOVATE_ID=:renew_id; INSERT INTO TIT28_FREE_REPLACE_DT (...) VALUES (...)",待执行,进行中,来源：M005 Phase 1免费更换子表落地
S050,itsm02.pbl,u_itsm_free_replace.pb_cancel|pb_close,免费更换作废与关单约束,FreeReplaceRepository.count_details_by_finish|count_revisit_records|update_status|insert_close_bill,TIT28_FREE_REPLACE|TIT24_MAINTENANCE_RV|TIT27_CLOSE_BILLS,FreeReplaceService.cancel_free_replace|close_free_replace,renew_id|oper_cd,作废/关单结果,"SELECT COUNT(*) FROM TIT28_FREE_REPLACE_DT WHERE RENOVATE_ID=:renew_id AND IS_FINISH='1'; SELECT COUNT(*) FROM TIT24_MAINTENANCE_RV WHERE MAINTENANCE_ID=:renew_id; SELECT COUNT(*) FROM TIT28_FREE_REPLACE_DT WHERE RENOVATE_ID=:renew_id AND IS_FINISH='0'; INSERT INTO TIT27_CLOSE_BILLS (...) VALUES (...)",待执行,进行中,来源：PB约束对齐（作废前已提交校验/关单前回访与未提交校验/关单写入）
S051,itsm02.pbl,u_itsm_liability|d_itsm_liability_main|d_itsm_liability_form,免责处理列表与详情,LiabilityRepository.list_liabilities|get_liability,TIT10_MAINTENANCE_LIABILITY|TIT10_MAINTENANCEDAY,LiabilityService,begin_date|end_date|maintenance_id|exemptflg|type|is_finish|page|page_size,免责处理列表/详情,"SELECT ... FROM TIT10_MAINTENANCEDAY D, TIT10_MAINTENANCE_LIABILITY A WHERE D.MAINTENANCE_ID=A.MAINTENANCE_ID ...; SELECT ... FROM TIT10_MAINTENANCE_LIABILITY WHERE MAINTENANCE_ID=:maintenance_id AND TYPE=:liability_type",待执行,进行中,来源：M005 liability主列表与编辑页查询口径
S052,itsm02.pbl,w_r_itsm_liability.oe_preupdate,免责处理保存（分配/处理）,LiabilityRepository.save_liability,TIT10_MAINTENANCE_LIABILITY,LiabilityService.save_liability,maintenance_id|type|scene|exceptionscd|exceptionsnm|deptnm|assessflg|exemptflg|oper_cd,免责处理保存结果,"MERGE INTO TIT10_MAINTENANCE_LIABILITY ... WHEN MATCHED UPDATE ... WHEN NOT MATCHED INSERT ...",待执行,进行中,来源：PB保存规则对齐（exemptflg=Y需exceptionscd；分配/处理写is_finish=1/2）
S053,itsm02.pbl,u_itsm_liability.uo_buttons.oe_doview,免责处理审核,LiabilityRepository.batch_update_is_finish,TIT10_MAINTENANCE_LIABILITY,LiabilityService.audit_liabilities,maintenance_ids|oper_cd,免责处理审核结果,"UPDATE TIT10_MAINTENANCE_LIABILITY SET IS_FINISH='3' WHERE MAINTENANCE_ID IN (...) AND IS_FINISH='2'",待执行,进行中,来源：PB批量审核动作对齐
S054,itsm02.pbl,w_r_itsm_liability.of_get_liab,免责科目字典查询,LiabilityRepository.list_liability_dictionary,TIT02_LIABILITYREG|TIT02_LIABILITYREGDT,LiabilityService.list_liability_dictionary,class_code_like,免责科目字典列表,"SELECT B.LIABCD, A.LIABNM, B.DEFINE FROM TIT02_LIABILITYREG A, TIT02_LIABILITYREGDT B WHERE A.LIABCD=B.LIABCD AND A.USEFLG='1' AND B.USEFLG='1' ...",待执行,进行中,来源：PB选择科目查询口径
S055,itsm02.pbl,u_ex_gh.dw_data::oe_retrieve|d_ex_gh_browse,旧机翻新计划列表与详情,ExGhRepository.list_ex_ghs|get_ex_gh|list_ex_gh_details,TSL01_EXTEND|TSL02_EXTENDDT,ExGhService,begin_date|end_date|custcd|auditflg|useflg|opbillid|page|page_size,旧机翻新计划列表/详情,"SELECT ... FROM TSL01_EXTEND WHERE SLTYP='GH' ... ORDER BY OPBILLID DESC, IMPDATE DESC; SELECT ... FROM TSL02_EXTENDDT WHERE OPBILLID=:opbillid",待执行,进行中,来源：PB浏览窗口检索与查看窗口明细查询口径
S056,itsm02.pbl,w_r_ex_gh.oe_postopen|dw_master.of_update,旧机翻新计划新增主表,ExGhRepository.create_ex_gh,TSL01_EXTEND,ExGhService.create_ex_gh,opbillid|slbillid|custcd|opercd|busityp|itemcd|impdate|traindate|backup,新增结果,"INSERT INTO TSL01_EXTEND (OPBILLID,SLBILLID,CUSTCD,...,SLTYP='GH',USEFLG='1',AUDITFLG='0') VALUES (...)",待执行,进行中,来源：PB新增窗口主表保存动作
S057,itsm02.pbl,w_r_ex_gh.dw_item|d_ex_gh_detail,旧机翻新计划新增明细,ExGhRepository.create_ex_gh_detail,TSL02_EXTENDDT,ExGhService.create_ex_gh_detail,opbillid|custcd|planqty|opqty|clqty|useflg|impdate|traindate|newaddress|newcustcd|eid|address|newcustcard|custcard,新增明细结果,"INSERT INTO TSL02_EXTENDDT (OPBILLID,CUSTCD,PLANQTY,OPQTY,CLQTY,USEFLG,...) VALUES (...)",待执行,进行中,来源：PB明细页保存动作口径
S058,itsm02.pbl,u_ex_gh.uo_buttons::oe_dobutton1,旧机翻新计划批量送审,ExGhRepository.submit_audit,TSL01_EXTEND,ExGhService.submit_audit,opbillids|opercd,送审结果,"UPDATE TSL01_EXTEND SET AUDITFLG='1',OPERCD=:opercd,AUDITDATE=SYSDATE,AUDITMAN=:opercd WHERE OPBILLID IN (...) AND SLTYP='GH' AND AUDITFLG='0' AND NVL(USEFLG,'1')='1'",待执行,进行中,来源：PB送审按钮（仅未送审且有效）
S059,itsm02.pbl,u_ex_gh.uo_buttons::oe_dobutton2,旧机翻新计划作废与数量回写,ExGhRepository.invalidate_ex_gh,TSL01_EXTEND|TSL02_EXTENDDT|TSL10_SLBILL,ExGhService.invalidate_ex_gh,opbillid|slbillid|opercd,作废结果,"UPDATE TSL01_EXTEND SET USEFLG='9' WHERE OPBILLID=:opbillid; SELECT NVL(SUM(PLANQTY),0) FROM TSL02_EXTENDDT WHERE OPBILLID=:opbillid; UPDATE TSL10_SLBILL SET PLANQTY=NVL(PLANQTY,0)-:planqty WHERE SLBILLID=:slbillid",待执行,进行中,来源：PB作废规则（当日且未审核通过）与回写计划数量
S060,itsm02.pbl,u_itsm_maintenance_plan.cb_1::clicked|d_itsm_maintenance_plan,保养计划列表查询,MaintenancePlanRepository.list_plans,TIT17_MAINTENANCE_PLAN,MaintenancePlanService.list_plans,plan_yymm|page|page_size,保养计划列表,"SELECT PLAN_Y,PLAN_YYMM,AREA_ID,PLAN_QTY,CREATE_TIME,CREATOR FROM TIT17_MAINTENANCE_PLAN WHERE PLAN_YYMM=:plan_yymm ORDER BY PLAN_YYMM,AREA_ID",待执行,进行中,来源：PB查询按钮按计划年月过滤
S061,itsm02.pbl,d_itsm_maintenance_plan_form,保养计划单条查询,MaintenancePlanRepository.get_plan,TIT17_MAINTENANCE_PLAN,MaintenancePlanService.get_plan,plan_yymm|area_id,保养计划详情,"SELECT PLAN_Y,PLAN_YYMM,AREA_ID,PLAN_QTY,CREATE_TIME,CREATOR FROM TIT17_MAINTENANCE_PLAN WHERE PLAN_YYMM=:plan_yymm AND AREA_ID=:area_id",待执行,进行中,来源：PB编辑窗口主键定位
S062,itsm02.pbl,u_itsm_maintenance_plan.uo_buttons::oe_doadd|oe_dosave,保养计划新增,MaintenancePlanRepository.create_plan,TIT17_MAINTENANCE_PLAN,MaintenancePlanService.create_plan,plan_yymm|area_id|plan_qty|creator,新增保养计划结果,"INSERT INTO TIT17_MAINTENANCE_PLAN (PLAN_Y,PLAN_YYMM,AREA_ID,PLAN_QTY,CREATE_TIME,CREATOR) VALUES (SUBSTR(:plan_yymm,1,4),:plan_yymm,:area_id,:plan_qty,SYSDATE,:creator)",待执行,进行中,来源：PB新增保存（历史年月不可新增）
S063,itsm02.pbl,u_itsm_maintenance_plan.uo_buttons::oe_doedit|oe_dosave,保养计划修改,MaintenancePlanRepository.update_plan_qty,TIT17_MAINTENANCE_PLAN,MaintenancePlanService.update_plan_qty,plan_yymm|area_id|plan_qty,修改保养计划结果,"UPDATE TIT17_MAINTENANCE_PLAN SET PLAN_QTY=:plan_qty WHERE PLAN_YYMM=:plan_yymm AND AREA_ID=:area_id",待执行,进行中,来源：PB修改保存（历史年月不可修改）
S064,itsm02.pbl,u_itsm_maintenance_plan.uo_buttons::oe_dodelete,保养计划删除,MaintenancePlanRepository.delete_plan,TIT17_MAINTENANCE_PLAN,MaintenancePlanService.delete_plan,plan_yymm|area_id,删除保养计划结果,"DELETE FROM TIT17_MAINTENANCE_PLAN WHERE PLAN_YYMM=:plan_yymm AND AREA_ID=:area_id",待执行,进行中,来源：PB删除按钮（历史年月不可删除）
S065,itsm02.pbl,u_itsm_maintenance_plan.cb_2::clicked,保养计划按年生成,MaintenancePlanRepository.exists_by_yymm|generate_month_plans,TIT17_MAINTENANCE_PLAN|TMM46_AREA,MaintenancePlanService.generate_year,plan_y|creator,按年生成结果,"SELECT 1 FROM TIT17_MAINTENANCE_PLAN WHERE PLAN_YYMM=:plan_yymm; INSERT INTO TIT17_MAINTENANCE_PLAN (PLAN_Y,PLAN_YYMM,AREA_ID,PLAN_QTY,CREATE_TIME,CREATOR) SELECT :plan_y,:plan_yymm,ID,0,SYSDATE,:creator FROM TMM46_AREA",待执行,进行中,来源：PB生成功能（逐月生成，已存在月份跳过）
S066,itsm02.pbl,u_itsm_liability_sum.dw_data::oe_retrieve|d_itsm_liability_main,免责汇总列表查询,LiabilitySumRepository.list_liability_summaries,TIT10_MAINTENANCE_LIABILITY|TIT10_MAINTENANCEDAY,LiabilitySumService.list_liability_summaries,begin_date|end_date|store_id|maintenance_id|deptnm|exemptflg|liability_type|is_finish|page|page_size,免责汇总列表,"SELECT D.MAINTENANCE_ID,...,A.EXEMPTFLG,A.IS_FINISH,A.TYPE,A.DEPTNM FROM TIT10_MAINTENANCEDAY D,TIT10_MAINTENANCE_LIABILITY A WHERE D.MAINTENANCE_ID=A.MAINTENANCE_ID AND D.CURRENT_STATUS<>'9' AND A.USEFLG<>'0' ... ORDER BY A.EXEMPTFLG",待执行,进行中,来源：PB免责汇总主列表检索口径
S067,itsm02.pbl,u_itsm_liability_sum.dw_1::Retrieve|d_itsm_liability_list,免责汇总明细查询,LiabilitySumRepository.list_liability_details,TIT10_MAINTENANCE_LIABILITY,LiabilitySumService.list_liability_details,maintenance_id|liability_type,免责汇总明细列表,"SELECT MAINTENANCE_ID,EXCEPTIONSCD,EXCEPTIONSNM,DEPTNM,UPDDATE,OPERCD,ASSESSFLG,EXEMPTFLG,USEFLG,TYPE,(CASE WHEN USEFLG='1' THEN '修改' ELSE '' END) XG FROM TIT10_MAINTENANCE_LIABILITY WHERE MAINTENANCE_ID=:maintenance_id AND TYPE=:liability_type",待执行,进行中,来源：PB下方明细窗口联动查询
S068,itsm02.pbl,u_itsm_liability_sum.uo_buttons::oe_dobutton1,免责汇总批量审核,LiabilitySumRepository.batch_audit,TIT10_MAINTENANCE_LIABILITY,LiabilitySumService.batch_audit,records|oper_cd,批量审核结果,"UPDATE TIT10_MAINTENANCE_LIABILITY SET IS_FINISH='3',OPERCD=:oper_cd,UPDDATE=SYSDATE WHERE MAINTENANCE_ID=:maintenance_id AND TYPE=:liability_type AND NVL(USEFLG,'1')<>'0' AND NVL(IS_FINISH,'0')<>'3'",待执行,进行中,来源：PB审核按钮批量将已选记录置为已审核
S069,itsm02.pbl,u_itsm_pos_r_eid_update.dw_data::oe_retrieve|d_itsm_free_replace_dt_list,免费更换配置更新列表查询,PosREidUpdateRepository.list_updates,TIT28_FREE_REPLACE_DT|TIT28_FREE_REPLACE|TMM22_CUSTOMERS|TMM43_EID,PosREidUpdateService.list_updates,begin_date|end_date|custcard|renew_id|is_finish|page|page_size,配置更新待确认列表,"SELECT T.RENOVATE_ID,T.BUSINESS_OPERATION_ID,...,T.IS_FINISH FROM TIT28_FREE_REPLACE_DT T WHERE T.IS_FINISH<>'0' ... ORDER BY T.IS_FINISH,T.RENOVATE_ID",待执行,进行中,来源：PB查询按钮动态拼接条件检索口径
S070,itsm02.pbl,u_itsm_pos_r_eid_update.dw_old/dw_new::oe_retrieve|d_itsm_pos_r_eid_choose_old/new,旧新配件选择明细查询,PosREidUpdateRepository.list_old_choices|list_new_choices,TIT19_ON_CHOOSEDT|TMM12_ITEMS,PosREidUpdateService.get_choices,bill_id|business_id|old_eid|new_eid,旧新配件明细列表,"SELECT ... FROM TIT19_ON_CHOOSEDT T,TMM12_ITEMS M WHERE T.ITEMCD=M.ITEMCD AND T.OLDFLG='O'/'N' AND T.BILL_ID=:bill_id AND T.BUSINESS_ID=:business_id AND T.DEVICE_ID=:device_id",待执行,进行中,来源：PB上下分栏旧新配件联动检索口径
S071,itsm02.pbl,u_itsm_pos_r_eid_update.oe_preupdate,配置确认并回写状态,PosREidUpdateRepository.confirm_update,TMM44_POS_R_EID|TIT28_FREE_REPLACE_DT|TIT19_ON_CHOOSEDT,PosREidUpdateService.confirm_update,renew_id|business_operation_id|old_eid|new_eid|oper_cd,配置确认结果,"SELECT ITEMCD,ACCESSORIES_ID FROM TIT19_ON_CHOOSEDT WHERE CHOOSEFLG='1' ...; UPDATE TMM44_POS_R_EID SET POSID=:new_eid WHERE POSID=:old_eid AND ITEMCD=:itemcd AND EID=:accessories_id; UPDATE TIT28_FREE_REPLACE_DT SET IS_FINISH='2' WHERE RENOVATE_ID=:renew_id AND BUSINESS_OPERATION_ID=:business_operation_id",待执行,进行中,来源：PB确认动作（防重复+配置更新+is_finish回写）
S072,itsm02.pbl,u_itsm_liability_group.dw_data::oe_retrieve|d_itsm_liability_main,免责分部门列表查询,LiabilityGroupRepository.list_liability_groups,TIT10_MAINTENANCE_LIABILITY|TIT10_MAINTENANCEDAY|TMC13_USERS|TIT02_LIABILITYREG,LiabilityGroupService.list_liability_groups,user_cd|begin_date|end_date|store_id|maintenance_id|exemptflg|liability_type|is_finish|page|page_size,分部门免责列表,"SELECT ... FROM TIT10_MAINTENANCEDAY D,TIT10_MAINTENANCE_LIABILITY A WHERE D.MAINTENANCE_ID=A.MAINTENANCE_ID AND A.DEPTNM=(SELECT C.LIABCD ... ) AND A.IS_FINISH IN ('1','2') ...",待执行,进行中,来源：PB按用户部门过滤并限定处理状态口径
S073,itsm02.pbl,u_itsm_liability_group.dw_1::Retrieve|d_itsm_liability_list,免责分部门明细查询,LiabilityGroupRepository.list_details,TIT10_MAINTENANCE_LIABILITY,LiabilityGroupService.list_details,maintenance_id|liability_type,免责分部门明细列表,"SELECT MAINTENANCE_ID,EXCEPTIONSCD,EXCEPTIONSNM,DEPTNM,UPDDATE,OPERCD,ASSESSFLG,EXEMPTFLG,USEFLG,TYPE,IS_FINISH,(CASE WHEN USEFLG='1' THEN '修改' ELSE '' END) XG FROM TIT10_MAINTENANCE_LIABILITY WHERE MAINTENANCE_ID=:maintenance_id AND TYPE=:liability_type",待执行,进行中,来源：PB下方明细联动查询口径
S074,itsm02.pbl,u_itsm_liability_group.dw_1::clicked,免责分部门明细状态回显,LiabilityGroupRepository.get_is_finish,TIT10_MAINTENANCE_LIABILITY,LiabilityGroupService.save_detail,maintenance_id|liability_type,处理状态值,"SELECT IS_FINISH FROM TIT10_MAINTENANCE_LIABILITY WHERE MAINTENANCE_ID=:maintenance_id AND TYPE=:liability_type",待执行,进行中,来源：PB编辑后回显状态并限制已审核记录
S075,itsm02.pbl,u_itsm_liability_group.dw_1::oe_editrow,免责分部门明细保存,LiabilityGroupRepository.save_detail,TIT10_MAINTENANCE_LIABILITY,LiabilityGroupService.save_detail,maintenance_id|liability_type|oper_cd|exceptionscd|exceptionsnm|deptnm|assessflg|exemptflg,保存结果,"MERGE INTO TIT10_MAINTENANCE_LIABILITY ... WHEN MATCHED UPDATE ... WHEN NOT MATCHED INSERT ...",待执行,进行中,来源：PB明细编辑保存动作（已审核记录禁止修改）
S076,itsm02.pbl,u_itsm_device_change.cb_query::clicked|d_itsm_device_change_grid_list,设备变更扩展列表查询口径对齐,DeviceChangeRepository.list_device_changes,TIT16_DEVICE_CHANGE|TMM22_CUSTOMERS,DeviceChangeService.list_device_changes,store_id|custcard|begin_date|end_date|device_change_id|new_store_card|new_tel|change_type|status|page|page_size,设备变更扩展列表,"SELECT D.DEVICE_CHANGE_ID,...,C.CUSTCARD,C.CUSTNM FROM TIT16_DEVICE_CHANGE D,TMM22_CUSTOMERS C WHERE NVL(D.USEFLG,'1')='1' AND D.STORE_ID=C.CUSTCD(+) ... ORDER BY D.DEVICE_CHANGE_ID DESC",待执行,进行中,来源：PB查询条件（磁卡号/新磁卡号/单号/电话/日期）对齐
S077,itsm02.pbl,u_itsm_codetable.dw_data::oe_retrieve|d_itsm_syscode_list,代码项列表查询,CodeTableRepository.list_codes,TIT03_SYSCODES,CodeTableService.list_codes,codetyp|include_invalid|page|page_size,代码项列表,"SELECT CODETYP,CODECD,CODENM,MEMO,SYSFLG,OPERCD,GENDATE,UPDDATE,USEFLG,WHTRANSFLG,STTRANSFLG FROM TIT03_SYSCODES WHERE CODETYP=:codetyp ... ORDER BY CODECD",待执行,进行中,来源：PB代码表按类别检索口径
S078,itsm02.pbl,u_itsm_codetable.dw_data::oe_seteditdwattrib|d_itsm_syscodes_form,代码项详情查询,CodeTableRepository.get_code,TIT03_SYSCODES,CodeTableService.get_code,codetyp|codecd,代码项详情,"SELECT CODETYP,CODECD,CODENM,SYSFLG,OPERCD,GENDATE,UPDDATE,USEFLG,WHTRANSFLG,STTRANSFLG FROM TIT03_SYSCODES WHERE CODETYP=:codetyp AND CODECD=:codecd",待执行,进行中,来源：PB编辑窗口主键定位口径
S079,itsm02.pbl,u_itsm_codetable.dw_data::oe_editrow|oe_setadddwattrib,代码项保存,CodeTableRepository.save_code,TIT03_SYSCODES,CodeTableService.save_code,codetyp|codecd|codenm|memo|useflg|opercd,代码项保存结果,"MERGE INTO TIT03_SYSCODES ... WHEN MATCHED UPDATE ... WHEN NOT MATCHED INSERT ...",待执行,进行中,来源：PB新增/编辑保存口径
S080,itsm02.pbl,u_itsm_codetable.dw_data::oe_predeleterow,代码项作废,CodeTableRepository.invalidate_code,TIT03_SYSCODES,CodeTableService.invalidate_code,codetyp|codecd|opercd,代码项作废结果,"SELECT SYSFLG FROM TIT03_SYSCODES WHERE CODETYP=:codetyp AND CODECD=:codecd; UPDATE TIT03_SYSCODES SET USEFLG='0' ... WHERE NVL(SYSFLG,'N')<>'Y'",待执行,进行中,来源：PB系统代码不可删除约束
S081,itsm02.pbl,u_itsm_timepoint_levels.dw_custclass::retrieve|d_itsm_tp_levels_list_query,时间点等级列表查询,TimepointLevelsRepository.list_levels,TIT01_TIMEPOINT_AREA,TimepointLevelsService.list_levels,include_invalid|page|page_size,时间点等级列表,"SELECT LEVELS,EXPLAIN,TIMEPOINT,BEFORETM,AFTERTM,OPERCD,GENDATE,UPDDATE,USEFLG FROM TIT01_TIMEPOINT_AREA WHERE ... ORDER BY LEVELS",待执行,进行中,来源：PB等级树数据窗口检索口径
S082,itsm02.pbl,u_itsm_timepoint_levels.dw_data::selectionchanged|d_itsm_cust_levels,按等级查询客户,TimepointLevelsRepository.list_customers_by_level,TMM22_CUSTOMERS,TimepointLevelsService.list_customers_by_level,levels|custcd|custnm|page|page_size,等级客户列表,"SELECT CUSTCD,CUSTNM,CUSTCARD,PHONENO,ADDRESS,LEVELS,OPERCD,GENDATE,UPDDATE,USEFLG FROM TMM22_CUSTOMERS WHERE NVL(USEFLG,'1')='1' AND NVL(LEVELS,'')=:levels ...",待执行,进行中,来源：PB按树节点等级过滤客户
S083,itsm02.pbl,u_itsm_timepoint_levels.dw_custclass::oe_editrow,时间点等级保存,TimepointLevelsRepository.save_level,TIT01_TIMEPOINT_AREA,TimepointLevelsService.save_level,levels|explain|timepoint|beforetm|aftertm|opercd|useflg,等级定义保存结果,"MERGE INTO TIT01_TIMEPOINT_AREA ... WHEN MATCHED UPDATE ... WHEN NOT MATCHED INSERT ...",待执行,进行中,来源：PB等级维护保存口径
S084,itsm02.pbl,u_itsm_timepoint_levels.dw_data::oe_postinsertrow,客户等级批量分配,TimepointLevelsRepository.assign_level_to_customers,TMM22_CUSTOMERS,TimepointLevelsService.assign_level_to_customers,levels|custcd_list|opercd,等级分配结果,"UPDATE TMM22_CUSTOMERS SET LEVELS=:levels,OPERCD=:opercd,UPDDATE=SYSDATE WHERE CUSTCD=:custcd AND NVL(USEFLG,'1')='1'",待执行,进行中,来源：PB批量选中客户写入等级
S085,itsm02.pbl,u_itsm_timepoint_levels.dw_data::oe_deleterow,客户等级批量清空,TimepointLevelsRepository.clear_customer_levels,TMM22_CUSTOMERS,TimepointLevelsService.clear_customer_levels,custcd_list|opercd,等级清空结果,"UPDATE TMM22_CUSTOMERS SET LEVELS='',OPERCD=:opercd,UPDDATE=SYSDATE WHERE CUSTCD=:custcd AND NVL(USEFLG,'1')='1'",待执行,进行中,来源：PB删除动作清空客户等级
S086,itsm02.pbl,u_itsm_wh_asset_c_a_audit.dw_data::oe_retrieve|d_asset_auditbill_browse,资产作废待审核列表查询,AssetAuditRepository.list_pending_audits,TWH19_ASSET_C_A|TMM22_CUSTOMERS,AssetAuditService.list_pending_audits,opbillid|custcd|custcard|sltyp|page|page_size,资产作废待审核列表,"SELECT A.OPBILLID,A.SLBILLID,A.CUSTCD,C.CUSTCARD,A.IMPDATE,A.TRAINDATE,A.BUSITYP,A.SLTYP,A.ITEMCD,A.OPERCD,A.BACKUP,A.GENDATE,A.USEFLG,A.AUDITFLG,A.AUDITMAN,A.AUDITDATE FROM TWH19_ASSET_C_A A LEFT JOIN TMM22_CUSTOMERS C ON C.CUSTCD=A.CUSTCD WHERE A.USEFLG<>'9' AND A.AUDITFLG='1' ...",待执行,进行中,来源：PB待审核作废单主列表口径
S087,itsm02.pbl,u_itsm_wh_asset_c_a_audit.dw_items::oe_retrieve|d_asset_auditbilldt,资产作废单明细查询,AssetAuditRepository.list_audit_details,TWH20_ASSET_C_A_DTL|TMM43_EID|TMM12_ITEMS|TMM22_CUSTOMERS,AssetAuditService.list_audit_details,opbillid|custcd_like,资产作废单明细列表,"SELECT D.OPBILLID,D.CUSTCARD,D.CUSTCD,C.CUSTNM,D.EID,E.ITEMCD,I.ITEMNM,D.PLANQTY,D.OPQTY,D.CLQTY,D.USEFLG,D.IMPDATE,D.TRAINDATE,D.NEWADDRESS,D.NEWCUSTCARD,D.NEWCUSTCD,D.ADDRESS FROM TWH20_ASSET_C_A_DTL D JOIN TMM43_EID E ON E.EID=D.EID JOIN TMM12_ITEMS I ON I.ITEMCD=E.ITEMCD JOIN TMM22_CUSTOMERS C ON C.CUSTCD=D.CUSTCD WHERE D.OPBILLID=:opbillid AND D.CUSTCD LIKE :custcd_like",待执行,进行中,来源：PB主从联动明细口径（BG场景custcd可为%）
S088,itsm02.pbl,u_itsm_wh_asset_c_a_audit.uo_buttons::oe_doedit,资产作废单审批,AssetAuditRepository.approve_audit,TWH19_ASSET_C_A|USP_ASSET_C_A,AssetAuditService.approve_audit,opbillid|custcd|opercd,资产作废审批结果,"UPDATE TWH19_ASSET_C_A SET AUDITFLG='2',AUDITMAN=:opercd,AUDITDATE=SYSDATE WHERE OPBILLID=:opbillid AND AUDITFLG='1' AND USEFLG<>'9'; BEGIN USP_ASSET_C_A(:opbillid,:custcd,:opercd); END;",待执行,进行中,来源：PB审批后调用库存处理过程
S089,itsm02.pbl,u_itsm_wh_asset_c_a_audit.uo_buttons::oe_dodelete,资产作废单作废,AssetAuditRepository.invalidate_audit,TWH19_ASSET_C_A,AssetAuditService.invalidate_audit,opbillid|opercd,资产作废单作废结果,"UPDATE TWH19_ASSET_C_A SET USEFLG='9',AUDITMAN=:opercd,AUDITDATE=SYSDATE WHERE OPBILLID=:opbillid AND USEFLG<>'9'",待执行,进行中,来源：PB作废按钮逻辑
S090,itsm02.pbl,u_itsm_wh_asset_c_a_audit.uo_buttons::oe_dobutton1,资产作废审核列表刷新,AssetAuditRepository.list_pending_audits,TWH19_ASSET_C_A|TMM22_CUSTOMERS,AssetAuditService.list_pending_audits,opbillid|custcd|custcard|sltyp|page|page_size,刷新后待审核列表,"SELECT ... FROM TWH19_ASSET_C_A A LEFT JOIN TMM22_CUSTOMERS C ON C.CUSTCD=A.CUSTCD WHERE A.USEFLG<>'9' AND A.AUDITFLG='1' ...",待执行,进行中,来源：PB刷新按钮重取主列表
S091,itsm02.pbl,u_itsm_rep_dispatch.cb_query::clicked|d_itsm_dispatch_report,分派报表查询,DispatchReportRepository.list_reports,TIT21_MAINTENANCE_DISPATCH|TIT10_MAINTENANCEDAY|TMM22_CUSTOMERS,DispatchReportService.list_reports,start_date|end_date|maintenance_id|custcard|custnm|accpectd_group|accpectder|page|page_size,分派报表列表,"SELECT M.MAINTENANCE_ID,C.CLASSCD,C.CUSTCARD,C.CUSTNM,C.PHONENO,C.ADDRESS,M.REQUEST_TIME,M.SHORT_DESCRIPTION,M.DETAIL_DESCRIPTION,U.ACCPECTD_GROUP,U.ACCPECTDER,U.DISPATCH_TIME,M.CREATOR,M.CREATE_TIME FROM TIT21_MAINTENANCE_DISPATCH U,TIT10_MAINTENANCEDAY M,TMM22_CUSTOMERS C WHERE U.MAINTENANCE_ID=M.MAINTENANCE_ID AND C.CUSTCD=M.STORE_ID AND U.DISPATCH_TIME>=:start_date AND U.DISPATCH_TIME<:end_date+1 ...",待执行,进行中,来源：PB分派报表按分派日期区间检索口径
S092,itsm02.pbl,u_itsm_rep_accessories_update.cb_query::clicked|d_itsm_accessories_update_report,配件更新报表查询,AccessoriesUpdateReportRepository.list_reports,TIT25_ACCESSORIES_UPDATE|TIT10_MAINTENANCEDAY|TMM22_CUSTOMERS|TMM35_CUST_POS_RL,AccessoriesUpdateReportService.list_reports,start_date|end_date|maintenance_id|store_id|custcard|itemcd|page|page_size,配件更新报表列表,"SELECT M.MAINTENANCE_ID,C.CLASSCD,C.CUSTCARD,C.CUSTNM,C.PHONENO,C.ADDRESS,M.REQUEST_TIME,M.SHORT_DESCRIPTION,M.DETAIL_DESCRIPTION,U.ENGINEER_ID,U.ACCESSORIES_TYPE,R.ITEMCD,U.OLD_ACCESSORIES_ID,U.NEW_ACCESSORIES_ID,U.PRICE,U.AUDITFLG,M.CREATOR,M.CREATE_TIME,M.STORE_ID FROM TIT25_ACCESSORIES_UPDATE U,TIT10_MAINTENANCEDAY M,TMM22_CUSTOMERS C,TMM35_CUST_POS_RL R WHERE U.MAINTENANCE_ID=M.MAINTENANCE_ID AND C.CUSTCD=M.STORE_ID AND R.EID=U.DEVICE_ID AND U.CREATE_TIME>=:start_date AND U.CREATE_TIME<:end_date+1 ...",待执行,进行中,来源：PB配件更新报表按时间范围检索口径
S093,itsm02.pbl,u_itsm_rep_liability.cb_query::clicked|d_itsm_rep_liability,责任认定报表主列表查询,RepLiabilityReportRepository.list_reports,TIT10_MAINTENANCEDAY|TIT10_MAINTENANCE_LIABILITY,RepLiabilityReportService.list_reports,start_date|end_date|maintenance_id|store_id|liability_type|exemptflg|is_finish|deptnm|page|page_size,责任认定报表主列表,"SELECT D.MAINTENANCE_ID,D.COMPANY_ID,D.STORE_ID,(SELECT C.CUSTNM FROM TMM22_CUSTOMERS C WHERE C.CUSTCD=D.STORE_ID) CUSTNM,D.REQUEST_TIME,D.SHORT_DESCRIPTION,D.DETAIL_DESCRIPTION,A.EXEMPTFLG,A.IS_FINISH,A.TYPE,A.DEPTNM,D.CREATOR,D.CREATE_TIME FROM TIT10_MAINTENANCEDAY D,TIT10_MAINTENANCE_LIABILITY A WHERE D.MAINTENANCE_ID=A.MAINTENANCE_ID AND D.CURRENT_STATUS<>'9' AND NVL(A.USEFLG,'1')<>'0' AND D.REQUEST_TIME>=:start_date AND D.REQUEST_TIME<:end_date+1 ...",待执行,进行中,来源：PB责任认定报表主列表检索口径
S094,itsm02.pbl,u_itsm_rep_liability.dw_data::rowfocuschanged|d_itsm_rep_liability_list,责任认定报表明细查询,RepLiabilityReportRepository.list_report_details,TIT10_MAINTENANCE_LIABILITY,RepLiabilityReportService.list_report_details,maintenance_id|liability_type,责任认定报表明细列表,"SELECT MAINTENANCE_ID,EXCEPTIONSCD,EXCEPTIONSNM,DEPTNM,UPDDATE,OPERCD,ASSESSFLG,EXEMPTFLG,USEFLG,TYPE FROM TIT10_MAINTENANCE_LIABILITY WHERE MAINTENANCE_ID=:maintenance_id AND TYPE=:liability_type ORDER BY UPDDATE DESC",待执行,进行中,来源：PB主从联动明细口径
S095,itsm02.pbl,u_itsm_rep_paper_averagel.cb_query::clicked|d_itsm_paper_ave_form_report,纸张平均报表聚合查询,PaperAverageReportRepository.list_reports,V_ITSM_PAPER_AVERAGEL_DB|TIT10_MAINTENANCE_LIABILITY|TIT23_MAINTENANCE_D2D|TMM46_AREA,PaperAverageReportService.list_reports,start_date|end_date|page|page_size,纸张平均报表列表,"SELECT AREANM,PAPER_ID,SUM(...) COUNT_ZS1,... FROM V_ITSM_PAPER_AVERAGEL_DB V LEFT JOIN TIT10_MAINTENANCE_LIABILITY L ON ... LEFT JOIN TIT23_MAINTENANCE_D2D D ON ... WHERE V.CREATE_TIME>=:start_date AND V.CREATE_TIME<:end_date+1 AND V.FAULT_TYPE='1' GROUP BY PAPER_ID ORDER BY NVL(AREANM,'ZZ'),LPAD(PAPER_ID,10,'0')",待执行,进行中,来源：PB工程师达标率报表聚合口径
S096,itsm02.pbl,u_itsm_rep_cust_info.cb_query::clicked|d_cust_info,客户信息报表查询,RepCustInfoRepository.list_reports,TMM21_CUSTCLASS|TMM22_CUSTOMERS|TMM46_AREA|TMM35_CUST_POS_RL,RepCustInfoService.list_reports,custcard|classcd|custnm|busityp|useflg|opendate_from|opendate_to|pptcode|zftype|page|page_size,客户信息报表列表,"SELECT t.custcd,t.custcard,c.classnm,t.custnm,t.address,t.phoneno,CASE WHEN t.busityp='ZS' THEN '直属' ELSE '延伸' END AS busityp,N.eid,N.itemcd,a.name AS areanm,... FROM tmm21_custclass c,tmm22_customers t,tmm46_area a,(SELECT p.custcd,MAX(p.itemcd),MAX(p.eid) FROM tmm35_cust_pos_rl p WHERE p.useflg='1' GROUP BY p.custcd) n WHERE n.custcd(+)=t.custcd AND t.classcd=c.classcd AND t.area=a.id ...",待执行,进行中,来源：PB d_cust_info DataWindow口径
S097,itsm02.pbl,u_itsm_rep_maintenance_daily.cb_query::clicked|d_itsm_maintenance_daily_report,日常保养报表查询,RepMaintenanceDailyRepository.list_reports,TIT17_MAINTENANCE|TMM22_CUSTOMERS|TIT17_CUST_POS_DAILY,RepMaintenanceDailyService.list_reports,start_date|end_date|custcard|classcd|engineer_id|current_status|itemcd|page|page_size,日常保养报表列表,"SELECT m.daily_maintenance_id,MAX(c.classcd),MAX(c.custcd),MAX(c.custcard),...,MAX(p.itemcd) FROM tit17_maintenance m,tmm22_customers c,tit17_cust_pos_daily p WHERE m.store_id=c.custcd AND m.daily_maintenance_id=p.daily_maintenance_id(+) AND m.create_time>=:start_date AND m.create_time<:end_date+1 ... GROUP BY m.daily_maintenance_id",待执行,进行中,来源：PB d_itsm_maintenance_daily_report DataWindow口径
S098,itsm02.pbl,u_itsm_rep_maintenance_daily_m.cb_query::clicked|d_itsm_maintenance_plan_report,日常维护月度汇总报表查询,RepMaintenanceDailyMRepository.list_reports,V_ITSM_MD_SUM,RepMaintenanceDailyMService.list_reports,start_date|end_date,月度汇总报表列表,"SELECT a.area,a.store_sum,a.store_sum1,a.count_sum,a.store_sum0,b.double_count FROM (SELECT area,SUM(store_sum),SUM(store_sum1),SUM(store_sum0),SUM(count_sum) FROM v_itsm_md_sum WHERE NVL(close_date,:start_date)>=:start_date AND NVL(close_date,:end_date)<=:end_date+1 GROUP BY area) a,(SELECT MAX(v.area),SUM(v.count_sum)-1 FROM v_itsm_md_sum v WHERE ... GROUP BY v.store_id HAVING SUM(v.count_sum)>1) b WHERE a.area=b.area(+)",待执行,进行中,来源：PB d_itsm_maintenance_plan_report DataWindow arguments=(START_DATE END_DATE)
S099,itsm02.pbl,u_itsm_rep_maintenance_daily_ym.cb_query::clicked|d_itsm_maintenance_plan_ym_report,日常维护年月汇总报表查询,RepMaintenanceDailyYmRepository.list_reports,TIT17_MAINTENANCE_PLAN|TIT17_MAINTENANCE|TMM22_CUSTOMERS,RepMaintenanceDailyYmService.list_reports,in_ym,年月汇总报表列表,"SELECT a.area,a.plan_qty,b.count_sum FROM (SELECT p.area_id,p.plan_qty FROM tit17_maintenance_plan p WHERE plan_yymm=:in_ym) a,(SELECT c.area,COUNT(*) FROM tit17_maintenance m,tmm22_customers c WHERE m.current_status='3' AND m.store_id=c.custcd AND m.close_time>TO_DATE(:in_ym,'YYYYMM') AND m.close_time<LAST_DAY(TO_DATE(:in_ym,'YYYYMM'))+1 GROUP BY c.area) b WHERE a.area=b.area(+)",待执行,进行中,来源：PB d_itsm_maintenance_plan_ym_report DataWindow arguments=(IN_YM string YYYYMM)


